{
    "root_group": {
        "name": "",
        "path": "",
        "id": "d41d8cd98f00b204e9800998ecf8427e",
        "groups": {},
        "checks": {
                "status is 200 or 302": {
                    "fails": 0,
                    "name": "status is 200 or 302",
                    "path": "::status is 200 or 302",
                    "id": "fd061afbf4eaf8555db8652cccc3467c",
                    "passes": 683003
                }
            }
    },
    "metrics": {
        "data_sent": {
            "rate": 163156.70379617374,
            "count": 58738258
        },
        "vus": {
            "value": 2,
            "min": 2,
            "max": 999
        },
        "iteration_duration": {
            "min": 1.5156,
            "med": 177.8608,
            "max": 9063.4912,
            "p(90)": 420.06978000000004,
            "p(95)": 463.8952,
            "avg": 234.3521548515976
        },
        "http_req_duration": {
            "avg": 234.14907090965244,
            "min": 1.5117,
            "med": 177.6898,
            "max": 9063.4912,
            "p(90)": 419.80418000000003,
            "p(95)": 463.62763
        },
        "http_req_tls_handshaking": {
            "avg": 0,
            "min": 0,
            "med": 0,
            "max": 0,
            "p(90)": 0,
            "p(95)": 0
        },
        "http_req_sending": {
            "avg": 0.023906309635535947,
            "min": 0,
            "med": 0,
            "max": 124.6641,
            "p(90)": 0,
            "p(95)": 0
        },
        "checks": {
            "passes": 683003,
            "fails": 0,
            "value": 1
        },
        "http_reqs": {
            "count": 683003,
            "rate": 1897.1709743741133
        },
        "data_received": {
            "count": 189312519,
            "rate": 525851.5938179595
        },
        "http_req_duration{expected_response:true}": {
            "med": 177.6898,
            "max": 9063.4912,
            "p(90)": 419.80418000000003,
            "p(95)": 463.62763,
            "avg": 234.14907090965244,
            "min": 1.5117
        },
        "iterations": {
            "count": 683003,
            "rate": 1897.1709743741133
        },
        "http_req_blocked": {
            "p(95)": 0,
            "avg": 0.019022885551015223,
            "min": 0,
            "med": 0,
            "max": 176.5404,
            "p(90)": 0
        },
        "http_req_connecting": {
            "med": 0,
            "max": 176.5404,
            "p(90)": 0,
            "p(95)": 0,
            "avg": 0.01162782169331612,
            "min": 0
        },
        "http_req_failed": {
            "passes": 0,
            "fails": 683003,
            "value": 0
        },
        "http_req_waiting": {
            "avg": 233.9384559757507,
            "min": 1.0462,
            "med": 177.492,
            "max": 9063.4912,
            "p(90)": 419.60596,
            "p(95)": 463.3890100000001
        },
        "http_req_receiving": {
            "avg": 0.18670862426666016,
            "min": 0,
            "med": 0,
            "max": 251.5098,
            "p(90)": 0.6168800000000046,
            "p(95)": 0.9789
        },
        "vus_max": {
            "value": 1000,
            "min": 1000,
            "max": 1000
        }
    }
}